client,best_lambda,best_rmse
0,0.01,1.0676339
1,2.0,0.98483735
2,1.0,0.93992054
3,0.01,1.0869282
4,0.1,0.9968452
5,0.1,1.1577511
6,0.05,0.90939236
7,1.0,0.9312772
8,0.2,1.0016384
9,0.01,1.0355686
