client,best_lambda,best_rmse
0,0.01,1.0332371
1,0.01,0.96570545
2,0.2,0.92902327
3,0.01,1.0699127
4,0.5,0.9795251
5,0.01,1.1201364
6,0.05,0.8935333
7,2.0,0.9282261
8,2.0,0.98271495
9,0.01,1.0030338
