client,best_lambda,best_rmse
0,0.01,1.0438663
1,0.05,0.9661484
2,1.0,0.93463564
3,0.01,1.0544176
4,1.0,0.9832327
5,0.01,1.1458645
6,0.05,0.90368885
7,1.0,0.9305473
8,0.1,0.99842644
9,2.0,1.0173361
